F1,F2,D,dropout,learning_rate,batch_size,weight_decay,f1_score,precision,recall,val_loss
8,16,2,0.634131042579391,2.5471659095775814e-05,128,0.0003030088405181484,0.947401072682117,0.933563297469342,0.9637822588256494,0.08955890716363986
8,8,4,0.18463296029798004,1.359807186908951e-05,64,0.00014318798607877405,0.9667219239125732,0.952873542434309,0.9824411723921042,0.07099890563151111
8,16,8,0.41918139531955056,6.349577740603107e-05,64,3.618910158093432e-05,0.9648778589302093,0.9549187036949025,0.9758524644239143,0.07101830143643462
4,8,8,0.1121872496700353,0.0008786980779890255,256,0.004816546132911367,0.9489783452682178,0.9574980411029053,0.9411035250484018,0.07820231840014458
16,8,8,0.38416334500242744,1.0024457868454064e-05,256,0.006811747381591768,0.961329841987132,0.9540539010380032,0.9694069564847919,0.0706684881200393
8,16,2,0.22066116417382065,1.6413338509932647e-05,256,0.0010233218939908906,0.9576000278193634,0.9462203913480153,0.9703879835495973,0.07441630711158116
8,16,4,0.19223815962822166,0.00036545579910001716,32,0.0018908988645410757,0.9667097169888752,0.9633412441142251,0.9703915457393751,0.06687665042852092
16,16,2,0.324448297300447,6.6602338779345e-05,32,1.3652228489997789e-05,0.9680494923625419,0.9597775912622328,0.9769766915177872,0.06772615066375179
4,16,2,0.5341620756047222,0.0001240611954319157,64,1.3284498087486863e-05,0.9465543487370378,0.923122070868556,0.9763939990253148,0.08307023694657761
4,16,2,0.12473993665157797,0.0008288975753081865,256,0.0001262443753987097,0.9577214132493137,0.9608790129177017,0.9546998545026505,0.0701720118522644
16,32,2,0.33235498036200944,8.251194245886343e-05,32,1.1478780420286013e-05,0.9693616971084471,0.9571198098589869,0.9830032859390406,0.0707632413626846
16,32,2,0.3328417208451954,7.792226533137181e-05,32,1.0853034287879244e-05,0.9658693916631039,0.9557562807562808,0.9769766915177872,0.0691431013393689
32,32,2,0.3083130475867101,0.0001576267906705285,32,3.830389757037512e-05,0.9662227149482154,0.9625932460198183,0.970108707871018,0.06640957958552463
16,32,2,0.47051011195053694,4.134588386523421e-05,32,4.060040672171418e-05,0.9663791644537142,0.9547718260170387,0.9794909668181321,0.06992208343581297
16,32,2,0.28236094393646827,0.0001932619305457479,32,2.5180273711005862e-05,0.9601954085222246,0.950439953933134,0.9709500970965338,0.0695956733325938
16,32,4,0.499077744559542,4.784925912685647e-05,128,6.915360303202149e-05,0.9648738783215703,0.9550776798158284,0.9757128265846245,0.07277549725646774
32,32,2,0.38054111864764467,0.0002457718293164558,32,1.0506047996907796e-05,0.9646256857292879,0.9626983066206455,0.9666098433160899,0.06373558572680771
16,16,2,0.6024932299548313,2.9527278818546302e-05,32,0.0006228106838368567,0.9652245696823423,0.9619391597027455,0.9688448429378553,0.07092221988537147
16,32,8,0.25776653492170887,9.707765444466385e-05,32,9.689907765276655e-05,0.9636623917999275,0.9579448747370435,0.9698258700026609,0.06621600111880664
16,8,4,0.4301999218082358,0.00032807263074253096,128,2.0991357472945348e-05,0.9650764242744697,0.959033967362053,0.9715122106434704,0.06703849602490664
32,32,2,0.34027163306294245,5.786154693998908e-05,32,0.00024833251941456434,0.9617519982271419,0.9498904398720387,0.9750075130086207,0.06725108390420918
8,8,4,0.1758130806314788,1.1471400194518907e-05,64,0.00015531401052541069,0.9607462427253738,0.9495508568269763,0.9734643723968787,0.07532034628093243
8,8,4,0.2512393866864839,2.055158870920062e-05,64,1.8947432226364434e-05,0.9700424024810431,0.9602979660404382,0.9808980317803622,0.0737219241488239
16,8,4,0.2554674892715744,2.1386710552032182e-05,64,2.094201283059875e-05,0.9678781350067697,0.9557072278509341,0.981456583137521,0.06846887221478898
16,8,4,0.6992320521301457,4.037810320388766e-05,64,5.417262574317252e-05,0.9678566813130008,0.9565240723592588,0.9807583939410726,0.06994603768638942
8,8,4,0.3575776184785753,9.544046163404694e-05,32,1.8771994039570136e-05,0.9635055735520851,0.9581266450425064,0.9694069564847919,0.06752148363581079
32,16,2,0.2933519216609159,3.653279950192325e-05,64,1.537136691816701e-05,0.9668809761441789,0.9550231931736547,0.9801927182043583,0.07075988003255232
4,32,4,0.23822094568157912,2.0380980935138715e-05,128,2.940964241033842e-05,0.9544764103994675,0.9413947303299942,0.9694033942950141,0.08051731499532859
16,16,8,0.4399173888122201,0.00013616587911348963,32,6.730151773818122e-05,0.9673465035116905,0.9574775178354248,0.9782441186407277,0.06527542411387675
8,8,2,0.31078454511877707,2.7299492937477672e-05,128,0.0004007455862827244,0.9643817495894896,0.9545014431417855,0.9752903508769778,0.07183388077343504
8,16,2,0.38138952677957777,6.167174911086604e-05,64,1.1120263385800963e-05,0.9623227882857628,0.9548724602963358,0.9705311835786649,0.07568346846686758
16,8,4,0.2566947249800793,1.8529155560335235e-05,64,2.0035096115672113e-05,0.9653774266717964,0.9551863696356131,0.9765542158101405,0.07219762593993674
16,8,4,0.21068276085531562,3.209968774533337e-05,64,1.7917863146446622e-05,0.9647452184933031,0.9508891749207865,0.9804719938829377,0.06684009674126687
16,8,4,0.2725140095810382,2.4196185570449757e-05,64,2.939724454441985e-05,0.9658658936471493,0.9559102742649151,0.9768370536784975,0.06862621025546738
16,8,4,0.3284251592850694,1.4511081462236066e-05,64,4.849964797817115e-05,0.9688622499147151,0.9568508720352348,0.9823015345528145,0.06843821036264948
8,8,4,0.35019853399787093,1.577994558504693e-05,64,5.838562427500637e-05,0.9670490334339995,0.959256119963924,0.975573188745335,0.07047724723815918
16,8,8,0.3219919160653276,7.917707186775857e-05,256,4.5249298925721016e-05,0.96754539176412,0.9596703911347682,0.9761353022922714,0.06391533153752486
8,16,4,0.15773428581167293,1.3068005412856696e-05,64,9.586196343161078e-05,0.9683620485637677,0.9565938717433453,0.9815997831665882,0.07232211416830188
8,8,4,0.14762836162008836,1.2521608563647914e-05,64,9.524880237840324e-05,0.9628287739680982,0.9547989351268039,0.9715122106434704,0.07309053680333107
8,16,4,0.15193653725695327,1.0188791065699855e-05,64,0.00020705117260985486,0.964373243367746,0.9548302728380768,0.9750110751983985,0.07563062797745933
8,8,4,0.21433898679903307,1.5362229115469584e-05,64,8.91694294899232e-05,0.9628255342541056,0.9549544794827813,0.9713725728041807,0.07050732361233752
4,16,4,0.17537090434184385,1.4661711544491558e-05,256,3.2325332407111046e-05,0.9582115130374408,0.9487809254648633,0.9687016429087879,0.07494372129440308
8,16,8,0.40995592560734545,4.965277694591995e-05,64,1.4662814702577793e-05,0.9681980638526193,0.9645750692541109,0.9720778863801846,0.06743507755353399
8,16,8,0.40897987153051607,2.4306564976986812e-05,64,0.0035241282826506287,0.9644985011430262,0.9589471790443294,0.9705311835786649,0.07313068024814129
8,16,8,0.4669409062367185,4.884182876863905e-05,64,1.000429687236434e-05,0.9648698447136711,0.9552425576423396,0.975573188745335,0.07032767213557077
8,16,8,0.1161254071231082,1.8884040394201456e-05,64,1.4693356953562716e-05,0.9596511768631912,0.9459865759567919,0.9751471508479104,0.06576655266563529
8,16,8,0.36522739093980694,1.1853905218092865e-05,64,2.5841331391839062e-05,0.9582075114212892,0.9489518232585823,0.9685620050694982,0.0750419125770745
8,32,8,0.5327538193366854,7.545287053034844e-05,64,3.760613019604944e-05,0.9720323096544233,0.9617989522267537,0.9832861238073978,0.06703217773009902
4,32,4,0.6668827240806698,0.0001211958140115106,256,3.7628062797290926e-05,0.940727557843358,0.9180037891940956,0.9698052910571248,0.08798114582896233
8,32,4,0.2266356571533995,0.0004479669414237251,64,4.838459174809915e-05,0.9688584453277809,0.9570092145277144,0.9821618967135248,0.06970848669500454
32,32,8,0.549505767618878,0.0007587412002943905,64,0.00013879772724210708,0.9673263030138441,0.9709260174658098,0.963942475610475,0.0657515256949093
8,32,4,0.19572480155952365,0.0006320773632376858,64,5.456249718579339e-05,0.9664846378167006,0.9604433984944061,0.9729192756057005,0.07080580937959578
8,32,4,0.29163263059178224,0.0004622251466348368,64,4.3440811998475875e-05,0.9667905741191412,0.963166969485108,0.9706708214179544,0.07228897406679133
8,32,4,0.23637048948898945,3.403427234183219e-05,64,7.923261013943603e-05,0.9576000278193634,0.9462203913480153,0.9703879835495973,0.07559780744106873
8,32,4,0.5862520438091159,0.00019639761099335694,64,0.00010596274966975348,0.961834041790475,0.9541239509584659,0.9702483457103077,0.07544139553995236
8,32,4,0.14093004091516453,7.95674104844265e-05,128,5.025845058108413e-05,0.9580711066205946,0.943255110151445,0.9752903508769778,0.07439144048839808
8,32,4,0.22876420359671873,0.0009856478063345788,32,0.00037446548671103295,0.9713367327133439,0.9724258310994388,0.9703915457393751,0.06532047148230839
16,32,2,0.23746789966003345,0.0005077051612577749,32,0.0007310831458959879,0.961395359647601,0.9624876845938738,0.9604471732453246,0.06601940459412341
32,32,4,0.2702398463210339,0.00030356831860029485,32,0.0003697651399837232,0.9668016368766814,0.9626969299379722,0.9710897349358235,0.06476982435529151
4,32,2,0.30381736838262646,0.0009627952113430888,32,0.0019706360508353962,0.9630441005293283,0.9621078125811646,0.9642253134788321,0.07402282462989325
8,32,4,0.3296282788664616,0.0004244449249013814,32,0.00018135199384738122,0.9687766538774562,0.9628391737127057,0.9751507130376882,0.06882555150245341
8,32,4,0.32231920449550605,0.0007018391052797357,32,0.0002961863431059396,0.9599164850263483,0.9609167678128966,0.9590401082830945,0.07070780881432533
8,32,4,0.3392163528786703,0.00042719480772711446,32,0.00019330535697594084,0.9742503388691485,0.9775456795843684,0.9710932971256012,0.06777005043904469
8,32,4,0.3728459719783078,0.00022167472468430195,32,0.000766668270876542,0.9672103894004174,0.9635841576369645,0.9710932971256012,0.06680888409091099
8,32,4,0.39826079325054314,0.0005515015054684768,32,2.414036627706466e-05,0.9630917426017064,0.9511535109738781,0.9764145779708508,0.07110082536129757
16,32,4,0.34606855582323914,0.00026408270042327207,32,0.0005870483344433863,0.9677748949762393,0.9643272211241006,0.9715157728332481,0.06563193031362734
8,32,2,0.4549273688418617,0.0003724934488524772,32,1.2752091566766674e-05,0.9683579520373602,0.9567606504425777,0.9814601453272987,0.0687297811078758
16,32,8,0.2697678394026331,0.00015820844483443457,32,0.0004175829012620158,0.9689334708762875,0.9570057646708076,0.9823015345528145,0.06588328032249473
16,8,8,0.49194439132324136,0.00011416255368507473,32,0.0005143140974065124,0.9644985011430262,0.9589471790443294,0.9705311835786649,0.06440459643003439
16,32,8,0.2659674581437484,0.0001849152936349048,32,0.0012540730075501416,0.9689711117426952,0.9675522828641756,0.9705311835786649,0.06614672880791857
16,32,8,0.2706114439973995,0.00016421705650016566,32,0.0011995132205481916,0.9714217443866251,0.9720923265946135,0.9708104592572443,0.06575753267996175
16,32,8,0.259397979151647,0.0001588026169855008,32,0.0014319074405950724,0.9685424859463718,0.9674773529901786,0.9698294321924387,0.06509470320990025
16,32,8,0.2784970033182508,0.00014171117747229604,32,0.001174851365107639,0.9628222456440403,0.9551159094718527,0.9712329349648909,0.06520158693171613
16,32,8,0.20001883191133177,0.0001692449040259305,32,0.002721150637805172,0.9733158063386526,0.9742371732953327,0.9725003620878314,0.0639426528157302
16,32,8,0.19360223092515666,9.373104390151068e-05,32,0.0042911072202606,0.9643881227100843,0.9655608075304082,0.9633803620635385,0.06867429052426419
16,32,8,0.20699566937880448,0.00017553380838274932,32,0.002423743156914283,0.964002155515811,0.9585364117373468,0.9699690700317283,0.06602176106531735
16,32,8,0.2488095390630334,0.00010661139930406617,32,0.008796719362130395,0.9712418909770012,0.9729760356354163,0.9698329943822165,0.0719316521964451
16,32,8,0.24670966909881226,7.281938699395265e-05,32,0.00873200841375529,0.9709922482280325,0.9771321951044643,0.9652099027334154,0.07113023227176872
16,32,8,0.17110825542979247,6.896687517429105e-05,32,0.00840919212412602,0.9676662128072785,0.9713464011250114,0.9642253134788321,0.07045269807112282
16,32,8,0.24930477510994953,5.659736656823643e-05,32,0.006009221420235837,0.9620197050264152,0.9567240613901573,0.967860253683272,0.06942323150882579
32,32,8,0.2338018295457339,0.00011395404219832441,128,0.00907975308365307,0.9684641547298704,0.9674841566671861,0.969689794353149,0.06960954967265327
16,32,8,0.2873743310898396,8.284646362280421e-05,32,0.0030080766043060303,0.9718282267249952,0.9730078783385623,0.9708140214470219,0.06645667736238861
16,32,8,0.29880401697065045,7.0007147387756e-05,32,0.0028820885648283947,0.9645025514302571,0.9587802966250969,0.9706708214179544,0.06853973193463626
16,32,8,0.2862649905693901,0.00010381868830682552,32,0.005459025599501411,0.9667142874391952,0.9631714103265828,0.9705311835786649,0.0665340984908297
16,32,8,0.220949457254649,0.000216780177113754,32,0.007355314087120881,0.9597646761749995,0.9526586223710359,0.9677206158439824,0.07336319271227061
16,32,8,0.24951767904036687,0.00013744859994135615,256,0.0040907835898518485,0.9715167470982385,0.9680555481364875,0.9752939130667557,0.06474438992639382
16,32,8,0.24985704462513456,8.698596690645769e-05,256,0.0042393755163692365,0.9639027399336731,0.9648132126256078,0.9630975241951814,0.0674734568844239
16,32,8,0.18860045331383207,0.00013407550788849536,256,0.0032817906573662323,0.9662227149482154,0.9625932460198183,0.970108707871018,0.06431633171935876
16,32,8,0.3120813556275509,7.246533092529531e-05,256,0.009955243463071023,0.9726731789286028,0.9766772569721106,0.9689880429669229,0.06725401990115643
16,32,8,0.31329744433756235,0.00010239133247413816,256,0.0018535860429203786,0.967201691759967,0.9639247812130698,0.9708140214470219,0.06367966843148072
4,32,8,0.28327942057909794,5.522409426416756e-05,256,0.006934822179330014,0.9635009674173826,0.958304401903526,0.9692673186455022,0.07569508689145248
16,32,8,0.20966786980412722,7.183672149648235e-05,256,0.005657278763762858,0.9695349040099591,0.9682948783444661,0.9709536592863116,0.06558514138062795
16,32,8,0.30069723687157707,9.351459472101092e-05,256,0.004624422932465172,0.967201691759967,0.9639247812130698,0.9708140214470219,0.06730091882248719
16,32,8,0.24295214941672513,6.245227718671456e-05,256,0.009797754115208765,0.9697547760608843,0.9641608915542422,0.9758560266136921,0.0654760841280222
16,32,8,0.2249706630485494,4.303679934837843e-05,32,0.007823883143519474,0.971331894914181,0.9726001021990922,0.9702519079000855,0.06912603061747453
16,32,8,0.2039504981682997,4.17455931913573e-05,32,0.0037221315477012585,0.9608416210405532,0.9532974630227026,0.9691241186164348,0.06588748549288341
16,32,8,0.2237260511687793,0.00013334474557196384,256,0.0026078104369183946,0.9708454467749822,0.9718457295615305,0.9699690700317283,0.06562069896608591
16,32,8,0.16448003210903828,8.695491509420192e-05,32,0.007279776174243545,0.966779382197998,0.9755510937754864,0.9586211947652256,0.07035904751746389
16,32,8,0.33859973511489444,0.00011058081967994739,32,0.000916071232976949,0.9690330833375214,0.9609192892956392,0.9778216429330809,0.06462202748535555
32,32,8,0.5497619949288474,0.0001222122385550009,128,0.0020333512952230583,0.9689558348325357,0.9680706296975581,0.9701122700607958,0.06989271488661568
16,32,8,0.2267497936884703,0.00027832170364323243,32,0.005146583759422341,0.9670898191760783,0.9709463337638112,0.963523562092606,0.07112548762107389
16,32,8,0.31348666334377573,7.551937164254858e-05,32,0.00799221739442268,0.9704838479130933,0.9770909992921668,0.9643685135078996,0.07227722130609555
16,32,8,0.25661231627088693,4.4144527289811745e-05,32,0.006715944449843334,0.9667004117021416,0.96369866983557,0.9701122700607958,0.06849791514421509
16,32,8,0.18082269965344794,5.2615790496500225e-05,32,0.006187987817092372,0.9667232646160624,0.9628493722508317,0.9708104592572443,0.06784118956610379
16,32,8,0.281823850445446,6.435625270429218e-05,32,0.00968330422022004,0.9689558348325357,0.9680706296975581,0.9701122700607958,0.07284879661671331
16,32,8,0.10104050015452917,0.00014491899760216218,256,0.0016677942331937005,0.9660655468159328,0.9581026774545917,0.9747282373300413,0.06468277983367443
4,32,8,0.6242908856880177,8.209342172371387e-05,32,0.0038377639241892487,0.9688099798777184,0.9805671006623583,0.958059081218289,0.07434396782343317
16,32,8,0.24254196066934794,0.0009002180217203852,32,0.008245759229596611,0.9670051599088764,0.9740982451705915,0.9605733565186338,0.0799130602972582
16,32,8,0.26617000017923576,0.0006011854898614242,32,0.0022863416676536263,0.96254703154452,0.9617010105369151,0.9636631999318958,0.07112522287808014
16,32,8,0.29428020220870305,0.00016825823350393387,32,0.004843312940357343,0.9635510575421532,0.9621759387781541,0.9650667027043479,0.07038440865226617
8,32,8,0.19837321088508153,0.00020870880220776267,256,0.0031313190404923985,0.9653068419991664,0.9617633643495712,0.9691241186164348,0.06784525762001674
16,32,8,0.22287752669536418,0.0001323917965334595,256,0.003941535604360215,0.96770218179888,0.9641627896369277,0.9715157728332481,0.06555240725477536
16,32,8,0.21558863838616082,0.00010843706938031297,256,0.002786347471661268,0.9625065751858205,0.9574928059189586,0.9681430915516293,0.06591716408729553
16,32,8,0.134501553582562,0.000362373846140375,256,0.0025823038062115734,0.9657951465399838,0.955757326237901,0.9768370536784975,0.06514757374922435
16,32,8,0.22950064215671723,0.000151962119105182,256,0.00025842652879347203,0.9650021712451619,0.9590360342896528,0.9713725728041807,0.06346210030217965
16,32,8,0.35281802513767124,0.00012534178698187496,32,0.006255088133426896,0.9718235850324414,0.9731855827423649,0.9706743836077324,0.07001323939640196
8,32,8,0.35444860394488575,9.481061836069519e-05,32,0.0074970107348787595,0.9677604749611,0.9767218859705951,0.9594661461805192,0.07048768524596792
16,32,8,0.3650637346810893,8.70831765343598e-05,32,0.008918115259619198,0.9602727928266739,0.9527217577837849,0.9685620050694982,0.07349531591424475
16,32,8,0.3181965496962345,0.0002360169707564294,32,0.006418668487309296,0.968762090438038,0.969767897008938,0.9678808326288081,0.07006037562488295
32,32,8,0.38935553748256635,7.486867279741827e-05,32,0.005241336657921066,0.9667050917878949,0.9635169884703466,0.9702519079000855,0.0680983696840248
8,32,8,0.3360736439584697,0.0001235099901283453,32,0.0001720130617220759,0.9688622499147151,0.9568508720352348,0.9823015345528145,0.06648398835924403
16,32,8,0.2420871293828398,0.0001736980010986167,32,0.00012479030351678818,0.9698398821147807,0.9638276340967272,0.9762749401315611,0.06593999544941692
16,32,8,0.276404177549481,0.0007852930932768647,128,0.006030777777322273,0.9639142761380888,0.9589016693443733,0.9695501565138592,0.07706923472384612
16,32,8,0.25814031734543813,0.00012884280552182025,256,0.0031415532144085934,0.9694624160448041,0.9681304237334034,0.9709536592863116,0.06543051575620969
16,32,8,0.21699083008237632,3.7577667068091455e-05,32,0.004771582514963943,0.9691694313598501,0.9720909468527456,0.9663305676375105,0.06702303407845371
16,32,8,0.2933981788660601,0.00019990009964907,32,0.002283552038863246,0.9691647345825132,0.9722457009618187,0.9661909297982209,0.06649830167968859
16,32,8,0.42453622671859487,5.984281284670512e-05,256,0.00814022775293754,0.9658109315461081,0.9664747804086157,0.9652063405436375,0.07134902601440747
4,32,8,0.18328022519162446,9.850521467173122e-05,32,0.0017444019915207269,0.9627423393661069,0.9552891269630024,0.9709536592863116,0.06814250135262821
8,32,2,0.30799253380179353,0.00011640043355967004,32,0.0004727549232138438,0.9664846378167006,0.9604433984944061,0.9729192756057005,0.06651168701366418
16,32,8,0.27313246930375956,0.00014342450844806744,32,0.0010708072436975296,0.9654975655673734,0.9594537826433293,0.971934686351117,0.0662039051821921
16,32,8,0.2530284140882641,2.7449638825963175e-05,256,0.0014047767643694585,0.9638809366846267,0.9542491414593951,0.9745885994907516,0.06861432517568271
16,32,8,0.32248040715033066,6.844116636564234e-05,32,0.007936486365536703,0.9713270000362085,0.9727802728736998,0.9701122700607958,0.07192319035580706
16,32,8,0.32322358157419584,4.657517765090502e-05,32,0.00997559205104477,0.9598428975723333,0.9568253968253968,0.9632407242242488,0.07222610714202544
16,32,8,0.3475885476821202,8.65339274400041e-05,32,0.00709188835836483,0.9657163061988184,0.962523691068467,0.9692673186455022,0.07171495239068147
16,32,8,0.22869597528768817,7.123251992397339e-05,32,0.005733319436303367,0.961251772379328,0.9540612335847595,0.9692673186455022,0.07178646748323682
16,32,8,0.3760505274561682,0.00010269469311323069,32,0.008505431749479283,0.9566863716930819,0.9515157280568239,0.962395772808955,0.07323378630478503
16,32,8,0.20228520594359906,7.666705109793598e-05,32,0.004320867200154299,0.9718282267249952,0.9730078783385623,0.9708140214470219,0.06672263729990885
8,32,4,0.2009067008725446,6.662259303129071e-05,32,0.004236325488315733,0.965794370252143,0.9625168604537565,0.9694069564847919,0.06871848985610995
16,32,8,0.6877548412433722,5.076656825997491e-05,32,0.0035554358068192377,0.9690300164690574,0.9682460294015168,0.9701122700607958,0.07069571318393371
16,32,8,0.33318608980345316,7.97994743120719e-05,32,0.0065188318296767285,0.961168797532434,0.9647995798887509,0.9577762433499318,0.07097531788388986
8,32,8,0.5150470880435541,6.290844406179965e-05,32,0.005329375142469144,0.965867414039864,0.9671356213247754,0.9647874270257687,0.07168536446102813
16,32,8,0.2403028127785303,0.0001563932646070608,32,0.0003225260067905542,0.9646220161021875,0.9628471738966359,0.9664702054768002,0.06436571916223645
16,32,8,0.26198702570444854,5.55757899050671e-05,32,0.004535334992709867,0.9733158063386526,0.9742371732953327,0.9725003620878314,0.06797300745118105
16,32,8,0.2659556477997411,6.034289256590833e-05,32,0.0047412507551525,0.9703385128364741,0.9717875102711102,0.9691276808062126,0.0688635733158267
16,32,8,0.2871286426841912,5.571564113175261e-05,32,0.007247135756164391,0.9741636280821234,0.9778932223612719,0.9706743836077324,0.06992240196458348
16,16,8,0.304321222896987,4.34751500724151e-05,32,0.007669711443890019,0.9703438592962833,0.971608322773133,0.9692673186455022,0.06952741846148654
16,32,4,0.2850950601982045,5.3481772088573195e-05,32,0.0008306200519630769,0.9682056844620511,0.9642561491618095,0.9723571620587639,0.06454230658425292
16,32,8,0.36107466353158724,6.762460159579936e-05,32,0.004253724063442024,0.9684641547298704,0.9674841566671861,0.969689794353149,0.0689646927563919
32,32,8,0.266697132499663,5.747200150044786e-05,128,0.0006406809570958958,0.9663648185471968,0.9561766053505459,0.9775388050647238,0.06500731330985825
16,32,2,0.29743530800468054,3.604509818225574e-05,32,0.006417885434106005,0.9648126226213245,0.9658065360435354,0.963942475610475,0.06902922638793192
8,8,8,0.31674025714204235,8.737449236256824e-05,32,0.00022049277406819488,0.9698398821147807,0.9638276340967272,0.9762749401315611,0.06432633589555854
16,32,8,0.27772084816098286,7.58329757663527e-05,32,0.009216025713414077,0.9684587511163011,0.9676653093086016,0.9695501565138592,0.0718505178456721
16,32,8,0.26106335881110554,4.8375381026960793e-05,32,0.0077310662505103555,0.965643330151354,0.9623542697068966,0.9692673186455022,0.06826825114726291
16,32,8,0.2468698296244614,7.914368724120601e-05,32,0.009865227291154145,0.9694624160448041,0.9681304237334034,0.9709536592863116,0.07027672809224737
16,32,8,0.2912420597280357,6.76879678087478e-05,32,0.005653685282685139,0.9680459196817734,0.9670700779922378,0.9692673186455022,0.06804111901842787
16,32,8,0.23563193832889817,5.4606025814114306e-05,32,0.0034416884686446414,0.9643095778521659,0.965566141147805,0.9632407242242488,0.06671706220810808
16,32,4,0.2528123109001927,9.214729813682272e-05,32,0.006974916167974811,0.9741636280821234,0.9778932223612719,0.9706743836077324,0.06841271654917838
4,32,4,0.5750198608203206,9.566207872135015e-05,32,0.007098066795290482,0.9540487198683403,0.9541142103362775,0.9545467620973804,0.09403492489060306
16,32,4,0.2106257755134311,0.00011206541349544972,32,7.33109723172059e-05,0.9650021712451619,0.9590360342896528,0.9713725728041807,0.06433410579697722
16,32,4,0.3297476578261809,9.098628020028013e-05,32,0.005135115893872556,0.9714831951674058,0.9777156603568029,0.9656323784410622,0.06909020634370593
8,32,4,0.3417008825127941,9.19622354131915e-05,32,0.0047175257558416325,0.9708404151546982,0.9720165833716438,0.9698294321924387,0.07068459369380119
16,32,4,0.32262537794363727,0.00010079512650049854,32,0.0039458006997866585,0.965872251839027,0.9669613502251219,0.9649270648650582,0.06749903194672104
16,32,4,0.3057340737191981,7.889461667548952e-05,32,0.005962664841358983,0.9761195541557947,0.9827315789972535,0.9699726322215062,0.06724400830305809
16,32,4,0.3287104668625416,8.111981446008971e-05,32,0.005132098232463278,0.9709922482280325,0.9771321951044643,0.9652099027334154,0.06889335572929628
16,32,4,0.3046901135402996,0.000681015510758135,32,0.006065041015143326,0.9655314351885798,0.9800739078819358,0.9524549625046824,0.07638409627226951
16,32,4,0.30968485193898065,7.526605624959887e-05,32,0.004514922721735093,0.9613339232287608,0.9538790923609263,0.9695465943240814,0.06918928985871152
16,32,4,0.34420803069450306,0.0005016059337618488,32,0.005367250621207009,0.9648898863163388,0.9658030825744599,0.9640821134497646,0.07465557108061267
16,32,4,0.286975270262769,7.110308128284101e-05,32,0.003038346083497517,0.9702650362098001,0.9716146104052635,0.9691276808062126,0.06796603828463602
16,32,4,0.2816547510318649,6.235275911995436e-05,64,0.006525353506461519,0.966779382197998,0.9755510937754864,0.9586211947652256,0.07238019525032977
8,16,4,0.3281764666091506,8.470140934555576e-05,32,0.0037811802753365863,0.9703438592962833,0.971608322773133,0.9692673186455022,0.06938633272100402
16,32,4,0.3943817967107614,3.169345836211809e-05,32,0.00769293992374734,0.9588513540679394,0.9599303488688186,0.9579158811892216,0.07319308599550783
16,32,4,0.2574185041896004,0.00010562334793381304,32,0.008487657263911225,0.972945788611263,0.9820574897736317,0.9645081513471893,0.07139572917367332
16,32,4,0.19039540814560968,0.00038704238704172163,32,0.006833757146698847,0.9685936919434233,0.9749148113963938,0.9626786106773123,0.07237259839514634
16,32,4,0.27147665421848743,9.151574976891246e-05,32,0.005886390522341577,0.9676980546403708,0.9643335729806403,0.9713761349939585,0.07082116774551611
16,32,4,0.2974743975209906,0.00012120611486915158,32,0.008488438440585389,0.9661291463493852,0.9631179497426547,0.9695501565138592,0.07256267608254743
16,32,4,0.25878979190595025,3.989162184872791e-05,32,0.00739793094299869,0.9705015109276397,0.9765506813643322,0.9647874270257687,0.06869910346501021
16,32,4,0.35321281414557576,0.00010466581881648207,128,0.004985036590131446,0.9635055735520851,0.9581266450425064,0.9694069564847919,0.07317903932804863
16,32,4,0.31206304216962977,0.0001857172342409373,32,0.006016137974325712,0.9648005553354833,0.9661501295309466,0.9636631999318958,0.0721832197222798
16,32,4,0.44268833863997065,5.764766801302875e-05,32,0.004224872465925137,0.962511693568036,0.9573100980604226,0.968282729390919,0.07086154174707505
8,32,4,0.22431790976928206,0.0009862210110376276,32,0.00349743740148773,0.9592621641378175,0.9735408068366397,0.946428368083429,0.0753551771739022
16,8,2,0.23520350218019595,8.188685971188204e-05,64,0.008022211095291205,0.9662131307211547,0.9629319704579076,0.9698294321924387,0.07229266987870568
16,32,8,0.24810113905999653,0.00010966515820117808,32,0.008749733672703677,0.9677906659249415,0.9758775419982317,0.9601643353769674,0.07108101995950362
16,32,8,0.2552229355213035,0.00013613571220527981,32,0.009690385978264725,0.9555468656854229,0.9442379162927348,0.9682791672011412,0.07430960664097928
16,32,8,0.20756029948192525,9.496853582639667e-05,32,0.006885691397850287,0.9652858117750244,0.9669201555739143,0.9639460378002527,0.0683051124531472
32,32,8,0.27330716375478936,0.00012087466106697978,32,6.27056148481422e-05,0.973130631461199,0.9786042205840473,0.9678772704390304,0.0639587838926989
32,32,8,0.2826158063608675,6.604164372674511e-05,32,0.002792226789807044,0.9648698447136711,0.9552425576423396,0.975573188745335,0.06450978053149099
32,32,8,0.2724595953203614,0.0001192197635462907,32,5.998327641261585e-05,0.9711894946523163,0.9609582628614742,0.9824411723921042,0.0629736938791488
32,32,8,0.29552735271570935,0.00014195336209159637,32,3.0912680921417454e-05,0.9682018979065137,0.9644126713798359,0.9722175242194743,0.06525760048537885
32,32,4,0.2710032332670451,7.668662166055964e-05,256,2.46429839155309e-05,0.9637311556264966,0.9517227445526074,0.9771163293570769,0.06604403133193652
32,32,8,0.37049214539916303,0.0003243292243519421,32,3.713207611439938e-05,0.9646928229791744,0.9629993086469014,0.9664702054768002,0.06426614810136569
8,32,8,0.30602875999461737,0.00016400492431400358,32,0.0001081817476404326,0.9716710804448727,0.9680457489509214,0.975573188745335,0.06505055332071726
8,32,8,0.3087286548863716,0.00014465426991339434,32,0.00010931290764368952,0.9649491254760144,0.9550741808279253,0.9758524644239143,0.06533551014636822
8,32,8,0.33622948671648417,0.0001658735605887675,32,8.197512746952087e-05,0.9690431288330642,0.9677142772498412,0.9705311835786649,0.06729098602543514
8,32,8,0.2884534239688411,0.00013074973214292077,32,0.00021899901480450888,0.9649554857435264,0.9547649621345595,0.9761317401024936,0.06469858568356279
8,32,8,0.26239398508841655,0.00016127053757130128,32,6.126333017469187e-05,0.9677102862817596,0.9638389089755511,0.9717950485118273,0.06388920037336546
8,32,8,0.31999787635367394,0.0001874452943510854,32,0.0001229819433030945,0.9670535325867898,0.9590941756097431,0.9757128265846245,0.06921929107730924
4,32,8,0.21654882976136677,8.746781446563459e-05,32,0.00015130468301576924,0.960167697623974,0.9540952719988068,0.9666098433160899,0.0706973916689015
16,32,8,0.2978102840030361,7.094352852523759e-05,32,4.981953521661191e-05,0.9744693591169878,0.9661984553982759,0.9834257616466875,0.06297701126494877
16,32,4,0.3056828250545342,0.00010378255443069706,256,8.92845992213382e-05,0.9645025514302571,0.9587802966250969,0.9706708214179544,0.06804368210335572
8,32,8,0.278268254291391,0.00012365049312214622,32,3.694800619021913e-05,0.9645104933180465,0.9584641667922525,0.9709500970965338,0.0660169567171302
16,32,8,0.2924932044647889,7.407566043831943e-05,64,4.6872234501639327e-05,0.9699245890424578,0.9578405192798977,0.9834257616466875,0.06604542077073584
16,32,8,0.3301945310445359,6.701992573937633e-05,32,4.241912728267344e-05,0.9646910898393325,0.9490244677733898,0.9827204480706836,0.06522037843696245
16,32,8,0.3198542761664788,8.177843321391005e-05,32,5.469191845975773e-05,0.9695285252176338,0.9613376301900892,0.9783837564800174,0.0643213415445169
16,32,8,0.24020585493050242,6.258646998109714e-05,32,0.00016804167396478701,0.972666020483449,0.9687111537975447,0.9768370536784975,0.06274809698065244
16,32,8,0.26175079963118053,6.145413976263163e-05,32,0.00029875144980814433,0.9757321236524853,0.9789467791118733,0.972639999927121,0.06156306009056014
16,32,8,0.2500728928938433,6.021889318714777e-05,32,0.00017950899016494926,0.969546946223293,0.9678058521631224,0.9713725728041807,0.0611307382236903
16,32,8,0.2620487546381191,5.0651809362776405e-05,32,0.00032015891715939234,0.965494052089816,0.9596098165211421,0.9717950485118273,0.06479068674367305
16,16,4,0.23659275283430847,6.26354329132869e-05,32,0.0001414480367303363,0.9623333836793434,0.954380677349174,0.9709500970965338,0.0668390957314683
16,32,8,0.2766122214736869,5.3944371410453625e-05,32,0.00018448301186140548,0.9689365032151303,0.9568488676033144,0.9824411723921042,0.06346797592524799
8,32,8,0.2526726350768936,7.33607198062128e-05,32,0.0002466353905917411,0.9650386408841904,0.9634200963141905,0.9667530433451574,0.06682806338010225
16,32,4,0.30260749155851385,0.00023496120723625572,256,0.00039765473949030563,0.9682018979065137,0.9644126713798359,0.9722175242194743,0.06573302174607913
16,32,8,0.2376378545494338,5.722315622148384e-05,32,0.0002882414911962092,0.9695349040099591,0.9682948783444661,0.9709536592863116,0.06471011880895948
16,32,8,0.22459165632318787,4.510643816065694e-05,32,0.0002546412813219155,0.9713149106401352,0.9575174029707307,0.9870642640409053,0.06330477794567148
16,32,8,0.19590961809488963,9.320667876809647e-05,32,0.0001111853969514484,0.979026323031575,0.9751526582779974,0.983146485968108,0.06311904463346645
16,32,8,0.17696959183287955,9.643302002485942e-05,32,6.532468468264105e-05,0.9671972968981754,0.9594131216635754,0.9757128265846245,0.06484774809351897
16,32,8,0.1934407372684297,8.500962455064873e-05,32,0.00011153509524887242,0.9724084441065574,0.9647190889182594,0.9808980317803622,0.06290639722473039
16,32,8,0.19481967045544976,8.929222061868264e-05,128,0.00010865688138557323,0.9638764063336542,0.9544189949757541,0.9744489616514621,0.06917464484771092
16,32,8,0.1627313114090028,8.058490629987056e-05,32,0.00013632035078871407,0.9671324408016266,0.9589369950025688,0.9759921022632039,0.06490299493057335
16,32,8,0.2016286918084934,7.134178849009431e-05,32,0.00016192353124432144,0.96630265473173,0.9624306117818199,0.9703879835495973,0.06447309517020387
16,8,8,0.6394061139211302,0.00011180672546914628,32,0.00011027230988160924,0.9662987234561525,0.9625897504356539,0.9702483457103077,0.06578842016081224
16,32,8,0.1858321747621717,8.608339562969721e-05,32,0.00020720269753271887,0.971028396670735,0.969211633408277,0.9729192756057005,0.06322107773738263
16,32,8,0.26875841070890905,9.682378208962111e-05,32,0.0001301162693505586,0.9685411867601571,0.9603474849376489,0.9773991672254341,0.06471318213722121
32,32,8,0.28756988749260903,7.728688153471754e-05,32,7.615816578940512e-05,0.9654701595935271,0.9659034613648211,0.9650631405145701,0.06493743488274208
16,32,4,0.20862672312725622,6.496036366024574e-05,32,0.00010225105601911783,0.9711080965747363,0.961286478875789,0.9820222588742351,0.06666895998790531
16,32,2,0.2662130732634095,0.000149681778163496,32,0.0003481795001868335,0.9664784294024383,0.9607631654437299,0.972639999927121,0.06790752862750947
16,32,8,0.1733138749598674,0.00010186208283486587,32,4.329081583032333e-05,0.9733977597094897,0.9739121810585969,0.9729192756057005,0.06050623151804757
16,32,8,0.17119767621008897,0.00010127792150029031,32,4.24029427192872e-05,0.9708273854231493,0.9648181498544753,0.9772595293861445,0.06661576037186023
16,32,8,0.1856845297709775,0.00011165617365945767,64,5.191129112810572e-05,0.9672896763974274,0.9634201485065393,0.9713725728041807,0.06656573720924232
16,32,8,0.17164370834552914,9.080449675683114e-05,32,3.0073415332483427e-05,0.9704629457236047,0.9686428051943975,0.9723571620587639,0.06234465130198615
16,32,8,0.13787192622422761,8.499921317662713e-05,32,8.894017009179826e-05,0.9731611531271973,0.9691278672410748,0.9773991672254341,0.06023070100396264
16,32,8,0.4106350954587748,8.568202131995956e-05,32,9.037929992871111e-05,0.9711707143381645,0.9678078657447619,0.9748714373591089,0.06402669067281987
16,32,8,0.15969526413785062,7.795006786136878e-05,32,7.516701202517976e-05,0.9706880167595714,0.9608687679317622,0.9815997831665882,0.06316124996848647
16,32,8,0.1315412803679775,0.00010024086624881712,32,9.912405492201295e-05,0.9659493091800059,0.9669559613308918,0.9650667027043479,0.06463366638427429
16,32,8,0.48735027075200626,7.156720394604653e-05,32,0.00011328443940733491,0.965992733490673,0.9598725498424066,0.9724967998980536,0.06564933955498577
16,32,8,0.14932724407459658,9.315741048562412e-05,32,6.618638381087309e-05,0.9760302874975748,0.9740178882167249,0.9781009186116602,0.06150706452491823
16,32,8,0.11115108625291638,8.401987005704267e-05,32,6.999018839982805e-05,0.9709540969483809,0.9692131736709464,0.9727796377664107,0.06342256339995282
16,32,8,0.14774916503400576,9.192240530088825e-05,256,4.984521466950829e-05,0.9759428100992181,0.9746625552670777,0.9774027294152119,0.06522753803680341
16,32,8,0.14604277323156176,0.00011907244437277382,256,5.154317628280708e-05,0.968041518357647,0.9600856737648945,0.976697415839208,0.0654416773468256
16,32,8,0.14488172293073204,0.00010433180611865077,256,4.950113672655184e-05,0.9668726997903986,0.9674617117445757,0.9663305676375105,0.0664161720002691
16,32,8,0.13071174000634245,9.423406722219498e-05,256,3.53062402243763e-05,0.9703438592962833,0.971608322773133,0.9692673186455022,0.06777353771030903
4,32,8,0.14921798791302862,8.048440352665408e-05,256,8.764740463170605e-05,0.9580981625025012,0.9464777434262203,0.9710897349358235,0.06759492866694927
16,32,8,0.15803858610131982,9.283532819532693e-05,256,6.0880184640174806e-05,0.9707563799993707,0.9646636548347262,0.9772595293861445,0.06491184917589028
16,32,8,0.1260074750057825,8.76406155784669e-05,32,4.559014541490907e-05,0.9712397648509269,0.9655645509499137,0.9774027294152119,0.06270311899179828
16,32,8,0.15271817927393064,6.806110128391836e-05,32,6.319830149085237e-05,0.9670752126448329,0.9583721052232502,0.976411015781073,0.06798107998190023
16,32,8,0.11405651683399112,0.00010807190950558543,32,8.051633156027789e-05,0.969538970913621,0.9681260063294653,0.9710932971256012,0.062035671517862837
16,32,8,0.17585925270181227,7.565823307074054e-05,32,5.704760645816568e-05,0.972836252153025,0.9731939960468915,0.9724967998980536,0.06557499212185972
16,32,8,0.18749454833924342,6.173217918832794e-05,32,5.522747940494886e-05,0.9698538787761564,0.9576896439926422,0.9834257616466875,0.06183930883033732
16,32,8,0.1677232321162758,7.338216918897203e-05,256,6.956428959005247e-05,0.9635866383497144,0.9579498618963359,0.9696862321633711,0.06590115961929162
32,16,8,0.14222832827783147,7.844409866842567e-05,32,3.874271236488998e-05,0.969546946223293,0.9678058521631224,0.9713725728041807,0.06004825001629955
16,32,8,0.17190678214867663,0.0001276189102428213,32,4.337361253682249e-05,0.975233165255586,0.9787029482353052,0.9719382485408948,0.06491550734205268
16,32,8,0.17613674539491217,6.819110119423862e-05,32,4.1599759842737015e-05,0.9778656378828181,0.9788752633208763,0.976980253707565,0.06326093753966194
16,32,8,0.17520321869640187,6.884675258198733e-05,32,4.2851641435022956e-05,0.9668810127732259,0.9671638723379656,0.9666098433160899,0.06420203877508396
16,32,8,0.16255446813389246,5.849434856205025e-05,32,4.61221711812075e-05,0.9726625232438638,0.9688712043568257,0.976697415839208,0.06239700421144295
16,32,8,0.15992129914549036,5.7652463013141055e-05,32,3.393800286917706e-05,0.9758015085349268,0.9792776608789836,0.9725003620878314,0.06388814499523901
16,32,8,0.16386566936920066,5.7397032894169355e-05,32,3.4104717867496246e-05,0.9709581092084892,0.9690620108028436,0.9729192756057005,0.0629973791802592
16,32,8,0.15273473676969762,5.1837557304147856e-05,64,4.662845138886554e-05,0.9643859197565118,0.9543458606169138,0.9754299887162675,0.06828239734244088
16,32,8,0.1772670142289011,6.163012204471619e-05,32,3.322465363296297e-05,0.971028396670735,0.969211633408277,0.9729192756057005,0.06385183614205071
16,32,8,0.16239007365726701,5.7226255919804693e-05,32,2.7708087572988178e-05,0.9706999772160864,0.9602367234329798,0.9821583345237471,0.06202416226836288
16,32,8,0.13884356970964942,6.510249811496238e-05,32,4.528762007846347e-05,0.961913332311406,0.9581291432155341,0.9659080919298638,0.06343500004700416
16,8,8,0.18149827253070852,4.933974225152024e-05,32,3.9971380423008694e-05,0.9653737390389302,0.9553369815552614,0.9764145779708508,0.0641609140397834
16,32,8,0.15940894832056215,6.397068560208728e-05,32,5.259012640808581e-05,0.9700307593241448,0.9687051363770814,0.9715157728332481,0.06379662893469566
16,32,8,0.1942615598412463,5.370696836344095e-05,32,5.784048843678919e-05,0.9762236650656781,0.9795234479237722,0.973062475634768,0.06240942175663409
16,32,8,0.1701766086509992,5.4123652131718706e-05,128,5.917793030412445e-05,0.9597092443688452,0.9495686280042608,0.9708068970674665,0.06550055261080463
16,32,2,0.19623203837401446,4.8977457440312573e-05,32,3.8913994508000886e-05,0.9663582522042901,0.9564854929375451,0.9772595293861445,0.06834981477985148
16,32,8,0.182499186080261,5.740697213177942e-05,32,5.802115643184476e-05,0.9603405303168566,0.953059569736627,0.9684223672302085,0.06641040506023589
16,32,8,0.1705305421499055,5.36105407945334e-05,32,4.688821216326767e-05,0.9695318237905665,0.9611881316936269,0.978523394319307,0.06236202807715175
16,32,8,0.15409806760468966,7.005815675623969e-05,32,5.046829868232453e-05,0.9724082359831551,0.9730808137943482,0.9717950485118273,0.06266627031950718
16,32,8,0.14915994301557217,6.70466005203829e-05,32,6.785141349256642e-05,0.9720786545659642,0.9773178781878409,0.9670323190237368,0.06353577125573003
16,32,8,0.1552646845655932,7.157088113311516e-05,32,5.4324402073539356e-05,0.9659428776189268,0.9557551978494924,0.9771163293570769,0.06439910593207573
16,32,8,0.134905478210587,5.949074718689811e-05,32,4.948947325819346e-05,0.9708343642906406,0.9645119386654736,0.9775388050647238,0.06398353275313717
16,32,8,0.1875843543816808,5.9619845851828344e-05,32,4.193881466608007e-05,0.9672861791578423,0.9635801990658203,0.9712329349648909,0.06623847464375697
32,32,8,0.14316248361198972,6.584911088302347e-05,32,5.051446545978423e-05,0.973391649031107,0.9742322732991568,0.972639999927121,0.06452733481518921
32,16,8,0.13729052093636562,4.852181766311478e-05,32,6.52340469155681e-05,0.9698477184932658,0.9635232040736725,0.9765542158101405,0.06254620780066983
32,32,8,0.1188162767955914,5.4668217929199574e-05,32,4.074792668894867e-05,0.9677848090411757,0.9638368619500696,0.971934686351117,0.06444076463258566
32,32,8,0.16570248104956084,6.327434489381173e-05,32,5.846099527575734e-05,0.9637096593778233,0.9618583617020677,0.9656252540615066,0.06292728248097221
32,32,8,0.19199130650389454,9.641628528555152e-05,32,3.3114631943270935e-05,0.9672896763974274,0.9634201485065393,0.9713725728041807,0.0640512807990292
32,32,8,0.19974176088850593,8.427833688497094e-05,32,7.961238586363137e-05,0.9738218868131318,0.9741807047522041,0.9734813891526368,0.06138075494171695
32,32,8,0.17685435209146028,7.562590705853003e-05,32,7.379336289302619e-05,0.9687406969958702,0.9719901240288128,0.9656288162512844,0.06416981398931808
32,32,8,0.1399756778838307,6.387820034244892e-05,32,8.253380099067363e-05,0.9711485576947547,0.9737694231303567,0.9685790218252565,0.06048618435405566
32,8,8,0.20498823715735193,0.00010504338851822337,32,6.469242045770557e-05,0.9699209209101919,0.9635234809262938,0.9766938536494302,0.06253613944666184
32,32,8,0.16440306475709723,8.241897331163044e-05,32,5.406190130224825e-05,0.9655657928863369,0.9597672884858884,0.9717950485118273,0.06235828742362925
32,32,2,0.14982620206257946,9.099555450300224e-05,32,4.683646340693847e-05,0.9754546343148195,0.9739150807296765,0.9771198915468547,0.06417475660592849
32,32,2,0.15067857645144403,9.291042659915504e-05,32,6.0286525170505064e-05,0.9742495349707377,0.9685369319204512,0.9804755560727153,0.06669330570485213
32,32,2,0.12713548241664926,9.785603322090613e-05,32,6.912350824331458e-05,0.9752370019674133,0.9785345637540703,0.9720778863801846,0.06557110754068202
32,32,2,0.1215257977167139,0.0001020012357561303,32,7.696979004773314e-05,0.961822800654185,0.9500429583204696,0.9750075130086207,0.06618687045566611
32,32,2,0.10015264740510688,0.00011717033043332039,32,6.21593544092793e-05,0.9804401364947632,0.9762450596822722,0.9848328266089176,0.06256944035249035
32,32,2,0.11058083643878966,0.00011758958194631217,32,6.893789042786175e-05,0.9735857677162225,0.9693964837651826,0.9779612807723707,0.0628189212135191
32,32,2,0.11009004574718882,0.0001210206634978174,32,7.016257523321093e-05,0.9653737390389302,0.9553369815552614,0.9764145779708508,0.06804189818016627
32,32,2,0.11572281255082068,9.617007384068085e-05,32,6.283653146284791e-05,0.9635146124441668,0.9577888622157804,0.9696862321633711,0.06366305482800311
32,32,2,0.10041979512811135,0.00011266106415076785,32,8.80243693271445e-05,0.9691803942568026,0.9609152476899917,0.9781009186116602,0.06669962736160691
32,32,2,0.12331740720455879,0.0001275577853720698,32,7.483241260368301e-05,0.9701509616451545,0.9732336653693828,0.9671755190528041,0.06794461950061226
32,32,2,0.14218024521215283,9.033412852376503e-05,32,6.39548767161376e-05,0.9657213793373794,0.9623489152478099,0.9694069564847919,0.06741428587227584
32,32,2,0.1043218788914228,0.0001128764692265161,32,5.3013438901415424e-05,0.9707520950157852,0.9648211191811792,0.9771198915468547,0.06324019820654624
32,32,2,0.1268019252765063,9.807615349941166e-05,32,6.795108474689867e-05,0.9700420703027294,0.9682235179826574,0.971934686351117,0.06528180859670654
32,32,2,0.1330289385397861,0.00011485643614458604,32,8.46132008131395e-05,0.9685123295833837,0.9565859493895313,0.9818790588451677,0.0660913073487514
32,32,2,0.11420076003693293,8.73349486258624e-05,128,4.730555254143442e-05,0.972034416712344,0.9678404207406915,0.9764145779708508,0.06592491393287976
32,16,2,0.12909555557425417,0.00010021203741542935,32,0.0005186778148743635,0.9721380905893523,0.9779399521852755,0.9666134055058677,0.06491366320175945
32,32,2,0.10164435319205697,9.049300492569866e-05,32,5.631342468247084e-05,0.9648738783215703,0.9550776798158284,0.9757128265846245,0.06479382807203918
32,32,2,0.14760327482598615,0.0001299592500230486,32,9.252237398779632e-05,0.9666406933234867,0.9583670122066027,0.9755696265555572,0.06635483916152621
32,32,2,0.14589930906677895,0.0002924055657969072,32,3.559999812748034e-05,0.9704097576078031,0.9642423006953864,0.9769766915177872,0.06269171520516861
32,32,2,0.12454484181726068,0.00010714772854224446,32,4.2392521973083066e-05,0.9778795917344382,0.9782386616399323,0.9775388050647238,0.0638472716311852
32,32,2,0.12513945570374094,0.00010001404829028386,32,4.08720357983213e-05,0.9685449111108841,0.9601988650216478,0.9775388050647238,0.06449287477912351
32,32,2,0.12517530944458008,0.00010922761679214682,32,4.7506345463289705e-05,0.9682797147897824,0.9642545903238298,0.9724967998980536,0.06676376885645921
32,8,2,0.11372905143279963,9.166495631759613e-05,32,3.753387309552919e-05,0.9705263811648907,0.9691163964614217,0.9720778863801846,0.06126504189634706
32,32,2,0.13579111655309323,8.448667454405495e-05,32,2.770992400018602e-05,0.970630407740534,0.9600921138129177,0.9821583345237471,0.06363757717759733
32,32,2,0.14733968621551358,0.00010458139312160606,32,2.2304915456044804e-05,0.9617773543184903,0.9576805469662611,0.9660477297691533,0.0626523265399674
32,32,2,0.13791927363061882,8.154961888625659e-05,32,4.3365171828302443e-05,0.9613379483278294,0.953710203891692,0.9696862321633711,0.06897218166799891
32,32,2,0.15348728356820204,9.13200472105867e-05,32,3.23841660423455e-05,0.9703392083758224,0.9640917102792207,0.9769766915177872,0.06526936289699971
4,32,2,0.11461341957884973,9.675290423715654e-05,32,5.419856635652262e-05,0.9645812958242864,0.9586167470779127,0.9709500970965338,0.06972818516458021
32,32,2,0.1560550205223393,0.00011453290721780344,32,7.480343731592311e-05,0.967363834924003,0.9680340438640579,0.9667530433451574,0.0657247672154525
32,32,2,0.1249796648020785,4.597807662593724e-05,32,4.660748611793595e-05,0.9698277311300566,0.9643283067245232,0.9758560266136921,0.06576120052301596
32,32,2,0.1357451184479775,8.093651373016335e-05,32,6.060843538192978e-05,0.9751771599847131,0.9688808334589192,0.9818790588451677,0.06421661538364709
32,32,2,0.1793295240509513,7.633790123734709e-05,32,5.9355264217928444e-05,0.9689394889598298,0.9566978689307168,0.982580810231394,0.06399684252854691
32,32,2,0.10204797319085446,0.00010426369522068034,32,5.2717924359193365e-05,0.9724047220642381,0.9732428689463504,0.9716554106725378,0.06276991849094686
32,32,2,0.15725111871609126,7.994985566052584e-05,32,3.625883193520168e-05,0.9759464353654325,0.9744927405474432,0.9775423672545016,0.06632944898643947
32,32,2,0.15713196612463867,8.264546072545963e-05,128,3.95635815608704e-05,0.9663680329833628,0.9560309778940957,0.9776784429040134,0.06890300444016854
32,32,2,0.17266895076271846,9.302580774161236e-05,32,3.426994805095979e-05,0.9673678278880425,0.9678788719704006,0.966892681184447,0.06638476485837284
32,32,2,0.14618724046340592,7.943374655324247e-05,32,2.946242432842296e-05,0.9738148073948499,0.9744870119381094,0.9732021134740575,0.06508522264677753
32,32,2,0.14382779848804905,7.288473078929506e-05,32,2.7376718097866716e-05,0.9710183898152257,0.9696959955043218,0.9725003620878314,0.06654348235188871
32,16,2,0.13250101614680135,8.001812132560771e-05,32,3.0018425173074034e-05,0.9640927111139699,0.9578939953194637,0.9706672592281768,0.06910484499151251
32,32,2,0.15383994457968214,8.748514585353282e-05,32,2.4378146511717542e-05,0.9640702867056584,0.961854877384437,0.9663270054477328,0.06475790826358285
32,32,2,0.1645877812853414,6.89380163671664e-05,32,1.6639921032701185e-05,0.9733325236486522,0.9652138788930998,0.9821618967135248,0.06491421388470728
32,32,2,0.14307831862832143,7.635235567641373e-05,32,4.5029806999503794e-05,0.9637281698817969,0.9518737432252052,0.9769766915177872,0.06488454221392242
32,32,2,0.11883471335906712,8.041644435746215e-05,32,3.742600167371167e-05,0.9724971495616224,0.9640640455486872,0.9815962209768107,0.06530077451244996
32,32,2,0.13594951741900677,9.505791193944617e-05,32,3.074574816832677e-05,0.973899899535177,0.9657866165792396,0.9827240102604614,0.06195345482869332
32,32,2,0.12844180212549705,9.461462081052395e-05,32,2.1129251480504966e-05,0.9716109021533699,0.9613786075441139,0.9828636480997511,0.06495389759220416
32,32,2,0.11332315565729216,0.00010379569307557132,32,3.264460345017326e-05,0.9655010309573072,0.9593036053321402,0.9720743241904067,0.06525189598019294
32,32,2,0.163307013324207,9.085700819277894e-05,32,3.6000993951948275e-05,0.9645780723171725,0.9587763157516518,0.9708104592572443,0.06775348720564421
32,8,2,0.1522442723102698,0.00010951521591963147,32,2.9241936414946886e-05,0.9678560881787925,0.9639909247622471,0.971934686351117,0.060328346027666194
32,32,2,0.12461181424295843,8.764852207152685e-05,32,2.6381499358895678e-05,0.9665778066201794,0.9767939146784689,0.9570879465296861,0.0648694600499964
32,32,2,0.1826799644394827,9.389477000300498e-05,32,4.011672335105505e-05,0.9691071177165803,0.9609172855074495,0.9779612807723707,0.06435326821994512
32,32,2,0.13476725401834866,0.0001007602097414478,32,6.247813261715426e-05,0.9650764242744697,0.959033967362053,0.9715122106434704,0.06564544258799287
4,32,2,0.1726253667905684,8.109845357753573e-05,32,4.231015573086634e-05,0.9586270625016332,0.949368489925249,0.968984480777145,0.07026561317726863
32,32,2,0.10146532198706779,0.00011674783589045458,32,3.13524542810889e-05,0.9610038852896065,0.9569855799643271,0.9652027783538598,0.06643813570704167
32,32,2,0.1541094689581848,8.459697503307877e-05,32,5.069809139820592e-05,0.9652125119330245,0.9577721472671596,0.9734643723968787,0.061828564971956046
32,32,2,0.19033988102276536,9.813546095158938e-05,32,7.344269046837261e-05,0.9667097169888752,0.9633412441142251,0.9703915457393751,0.06542264789775641
32,32,2,0.13422088112872504,7.552775919636659e-05,32,5.8932060112440746e-05,0.9733234563037786,0.9739142282367904,0.9727796377664107,0.0637889730082268
32,32,2,0.11864414194979424,0.00010880802588185972,32,4.330427213714079e-05,0.972242443428699,0.9684534934127988,0.9762749401315611,0.06431919918787057
32,32,2,0.1657311329570526,8.841609581107197e-05,32,0.0004527498890730825,0.968744919301237,0.9718285128099623,0.9657684540905741,0.06515933385443255
32,32,2,0.14752157937595628,7.085193509957984e-05,32,6.606635127660775e-05,0.9638188775712911,0.9556385190643683,0.9726364377373433,0.0670782283485333
32,32,2,0.19836660117717694,0.00012732043134626306,128,4.9482472554710035e-05,0.961834041790475,0.9541239509584659,0.9702483457103077,0.0706981426725785
32,32,2,0.14411927933590535,9.796665515905153e-05,32,3.555061963673996e-05,0.9742668990147175,0.976934001135168,0.9716518484827601,0.06608213975451967
32,32,2,0.13892642296045501,8.237624453223097e-05,32,3.5242946526581315e-05,0.9632389073274473,0.9511542822868834,0.9766938536494302,0.0676479472589879
32,16,2,0.1292159898829406,9.315155373244094e-05,32,3.014088719161336e-05,0.9627400840544693,0.9508820915486219,0.9759921022632039,0.062166927137260915
32,32,2,0.14837358275471219,0.0005700155366376475,32,0.0002882162393825639,0.9742503388691485,0.9775456795843684,0.9710932971256012,0.06683333198468419
32,32,2,0.1542568824706907,0.0005112809593746739,32,0.00025460533248361045,0.9651729927153655,0.9753913244625467,0.955680881567456,0.06829895167720679
32,32,2,0.14568485786021035,0.0004659287230529287,32,0.00027118415056833053,0.9686208066287086,0.9600578649318218,0.9778180807433031,0.0660662338062969
32,32,2,0.16260573928843366,0.0006936469884345454,32,0.0003038702613784173,0.9643980999912031,0.9539141550103581,0.9758489022341365,0.06533600478550121
32,32,2,0.14300331187812323,2.270831387804943e-05,32,0.0003694255040983627,0.9637340948758714,0.9515776207192225,0.9772559671963665,0.06314549047744114
32,32,2,0.15954603799831973,0.000883918977836937,32,2.5978979333873665e-05,0.9773661763582985,0.9786422838244202,0.976278502321339,0.0739948759652654
4,8,2,0.16229232548580536,0.000824703986535269,32,0.0001877987049603798,0.9746112290282897,0.9683110328891186,0.9813169452982313,0.0666788218282897
32,8,2,0.16253250919261042,0.0005662511772438774,32,2.4119810175030112e-05,0.975950012383886,0.9743288161938256,0.9776820050937912,0.06268389939324824
4,8,2,0.16585810484293237,0.0008006474958294733,32,0.00032409696654500073,0.96754539176412,0.9596703911347682,0.9761353022922714,0.06553418853455577
4,8,2,0.15880790413179174,0.0008774892365254062,32,2.5811675733138536e-05,0.9581722402187519,0.9529183117091731,0.963942475610475,0.06908594606426524
4,8,2,0.17677296582059976,0.0009224925721695703,32,2.0306379003319395e-05,0.961168797532434,0.9647995798887509,0.9577762433499318,0.06859474039621367
32,8,2,0.1604465584506531,0.0007497847670531389,32,0.00021416718031719688,0.9823538998172442,0.980859474765421,0.9839914373834017,0.06391419304576551
4,16,2,0.16024826442389475,0.0005931755563139878,32,0.00021798890308165583,0.9693311352886473,0.9639200221392001,0.9752939130667557,0.06589650484191066
4,32,2,0.1719939121062775,0.0007849307364480885,32,0.00020976774588900155,0.9633068443212046,0.9664305793786926,0.9603039732162572,0.06375912684487285
4,8,2,0.156375834841654,0.0006684895895958724,64,0.00017969360311171097,0.9726589748045574,0.9690371282612662,0.9765577779999183,0.07056001484718012
32,8,2,0.18020300226236255,0.0007436816930317042,32,0.00019465452454919563,0.9730785258849015,0.9694537949279329,0.976980253707565,0.06557838251730731
32,8,2,0.15088179073077893,0.0008437594474682261,32,0.0002971538535370179,0.9742994987620173,0.9753982768286451,0.973345313503125,0.0651526764195296
32,8,2,0.15150992731238058,0.0008572428385285999,32,0.00024369410597969396,0.9679318131224308,0.9621662944341346,0.9741661237831049,0.0661251740707287
32,8,2,0.1670060875549753,0.0009536044809274749,128,0.0002814175070597885,0.9667867795506199,0.9633353694016208,0.9705311835786649,0.07147360903521378
32,8,2,0.1511465939607605,0.0005647592021313578,32,0.0003084441601820701,0.9677062589730072,0.963997910009847,0.9716554106725378,0.06568906016985673
32,8,2,0.1699515941296158,0.0008037768219895918,32,0.000159238353333796,0.9687716154184743,0.9648259497316101,0.9729192756057005,0.06396227596332724
32,8,2,0.1842636916726627,0.0007340671516073711,32,0.00022486810567756647,0.9701984693080354,0.9601246858784304,0.9813169452982313,0.06392915862607365
32,8,2,0.159356329922301,0.0008744030438243869,256,0.00034536956669332794,0.9737502392361271,0.977303895032609,0.9703915457393751,0.06203725809852282
32,8,2,0.14003830260276087,0.0008194293763683009,32,2.2745374770428846e-05,0.972595222170774,0.9685580666712742,0.9768370536784975,0.06724761570307158
4,8,2,0.12795594042413871,0.0006363543432360937,32,1.8206060140821727e-05,0.9733365355542577,0.9650569028868604,0.9823015345528145,0.06545541217059034
32,8,2,0.1485888875527321,0.0006359188356014147,32,0.0004177215273625524,0.9737456552503575,0.9774796574315778,0.9702519079000855,0.06657020799273437
32,8,2,0.16311278736409596,0.000774149987438366,32,0.00023523019498634227,0.9730160975916493,0.9689773538830142,0.9772595293861445,0.06257280800143591
32,8,2,0.13817088744051478,0.0005052421041500623,32,0.00028603970663311886,0.9701951649297458,0.9639432267479812,0.9768370536784975,0.066209112812193
32,8,2,0.17122650038416937,0.0009566233823623613,32,0.00020006092666627405,0.969101454788611,0.9612360731134446,0.9776820050937912,0.06621475796355694
32,8,2,0.1509812753932828,0.0007263864033425966,32,3.848365546782461e-05,0.9677062589730072,0.963997910009847,0.9716554106725378,0.06757603939458141
32,8,2,0.1842495032145528,0.0008837834843319443,32,0.00016227349358622123,0.965635170373066,0.9683587900569033,0.9629749031116499,0.06153356873477131
32,8,2,0.12107874289567211,0.0005691788880422673,32,0.00026326901343330677,0.9725039046617464,0.9709314045733305,0.9741867027286409,0.06416800751100274
32,8,2,0.13761569986406713,0.0004310500538894133,32,2.592468554659312e-05,0.9686348685138482,0.966816115345298,0.970527621388887,0.062003107014907466
4,8,2,0.16053823785872567,0.00041017773810213775,256,3.536995155057059e-05,0.9675410851079905,0.9598357496935382,0.9759956644529818,0.0698990182330211
32,8,2,0.1764116071690305,0.0008295201048686657,32,0.00018955893603458994,0.9707520950157852,0.9648211191811792,0.9771198915468547,0.06809294220202781
32,8,2,0.1498189494647674,0.000726406068533781,32,0.0003609703021592477,0.965219979155886,0.9730878291285313,0.9577932601056901,0.06481996798412064
32,8,2,0.13452014984543034,0.0006809797144418827,32,0.00013172756671264575,0.9667943151171979,0.9630044459949055,0.9708104592572443,0.06351505286463931
32,8,2,0.19127318692133338,0.0008636643789536869,32,5.473346435943806e-05,0.9762236650656781,0.9795234479237722,0.973062475634768,0.06417472034939672
8,8,2,0.1909378591617453,0.0009625853338755896,32,4.707416507233552e-05,0.9693440297639809,0.9634119113988454,0.9757128265846245,0.06893149301860198
32,8,2,0.21375054296670123,0.0008662212524655295,64,0.0002386294055950547,0.9675496461210747,0.9595109293222501,0.9762749401315611,0.06775586145079654
32,8,2,0.19047447993088729,0.0009127625655805389,32,4.2299274171804356e-05,0.9752479624909531,0.9690334137445794,0.9818790588451677,0.06687041663700137
32,8,2,0.19767825863748387,0.0007957800145966251,32,4.346361229671358e-05,0.9768569398683321,0.9665865030385552,0.9881884911347782,0.06551091102174604
32,8,2,0.208739932272693,0.0009863446756451647,32,4.271626860456865e-05,0.9755299325687211,0.973911105249799,0.9772595293861445,0.06511142401256581
32,8,2,0.20275162931243979,0.0009076632541007421,32,4.235191321114186e-05,0.96451822442542,0.9581713893246796,0.9712293727751132,0.06380912746143345
32,8,2,0.21107551387447765,0.0009890643543036483,128,5.2915222646069825e-05,0.9686057998078459,0.9608232561953071,0.9771198915468547,0.06925156014040112
32,8,2,0.19464551026733984,0.0008283370547128397,32,4.7378592725709666e-05,0.9749508383103533,0.9738459915253869,0.976278502321339,0.06583920819336883
32,8,2,0.1948016395167802,0.0009196461857996225,32,4.693677707942322e-05,0.9702016753698977,0.9599671419231267,0.981456583137521,0.0668161681026939
32,8,2,0.21834196152047144,0.0007801112649673548,32,4.075053202034202e-05,0.9724011570085013,0.9734107824465593,0.9715157728332481,0.06681346238679986
32,8,2,0.20579407776681732,0.0009817629033320515,256,4.832764747896104e-05,0.9663680329833628,0.9560309778940957,0.9776784429040134,0.06417161785066128
4,8,2,0.19333777650223347,0.000831486714310928,32,5.503399254415542e-05,0.9621621272756914,0.9656170786825801,0.9589004704438048,0.06789392957517007
32,8,2,0.188427285848272,0.0008426516899421054,32,4.112394546698721e-05,0.9752447389838391,0.9691929824183184,0.981739421005878,0.060106510730253394
32,8,2,0.19702288731822212,0.0007715604587195585,32,3.984488329469654e-05,0.9728448535936854,0.9644855448134138,0.9818790588451677,0.06678814953430327
32,8,2,0.18677357943887077,0.0009935471030215405,32,3.747907459138005e-05,0.9648288783717497,0.9607205222308414,0.969120556426657,0.06600911928968423
32,8,2,0.20795740014109546,0.0009041554420523165,32,4.15843244032849e-05,0.9668016368766814,0.9626969299379722,0.9710897349358235,0.06818974226758734
32,8,2,0.18818456275531426,0.0008354285049499549,32,3.363325646213781e-05,0.9691263363389607,0.9673870916941106,0.9709500970965338,0.06319507393851856
32,8,2,0.19985907458190688,0.0007606762887033571,32,4.5246329874950225e-05,0.9703317503331456,0.9644028841330821,0.976697415839208,0.06650575996283568
32,8,2,0.18205449351494718,0.0006982763709962923,32,5.5211009316937715e-05,0.9664631507415281,0.966602213563561,0.9663270054477328,0.0648459354485132
32,8,2,0.22107502052827074,0.0008680441952519408,32,4.446592276464173e-05,0.9677815532238739,0.9639944363317389,0.9717950485118273,0.07041866046379057
32,8,2,0.18270151445101146,0.0008944656628286094,32,3.7529181162096235e-05,0.9645104933180465,0.9584641667922525,0.9709500970965338,0.06378013124270618
32,8,2,0.2109483737804863,0.0009925228051141934,32,2.2687433688535088e-05,0.9689199716830478,0.9631581952296693,0.9751507130376882,0.06226771486889566
32,8,2,0.19148097167063172,0.0007470482202876422,32,5.5191892521836345e-05,0.9672861791578423,0.9635801990658203,0.9712329349648909,0.06656551117489669
32,8,2,0.20017949796803625,0.0008431553374517401,256,3.3379966512209696e-05,0.9709305603430126,0.9715199219528982,0.9703879835495973,0.06597734459986289
32,8,2,0.17799518550929194,0.0007935562570006904,32,4.952299693449275e-05,0.9710703391415191,0.97712638660325,0.9653495405727051,0.06782628104512063
32,8,2,0.17462074180535,0.0008965395557671684,32,5.9964242472642385e-05,0.9706461058200618,0.973648865754129,0.9677376325997407,0.06518393286213446
4,8,2,0.19149937299501532,0.0007119498468192078,64,4.0546790715162056e-05,0.9661283510340114,0.958597036555481,0.9744489616514621,0.0759333525986775
32,8,2,0.21413563461704765,0.0006362896156838979,32,2.8354401954874414e-05,0.9637311556264966,0.9517227445526074,0.9771163293570769,0.06748683777803545
32,8,2,0.17350109718883194,0.0008507583008311922,32,4.830757250891309e-05,0.9716789988177515,0.9677216170728252,0.9758524644239143,0.0645577266984575
32,8,2,0.18201469534101974,0.0008065725085366461,32,4.27420433923688e-05,0.9689264699076473,0.9768617877105775,0.96142820031013,0.06575779925712952
32,8,2,0.20289022849404031,0.000998143273691313,32,3.654803337327932e-05,0.9600171727133183,0.951683643215982,0.9689773563975894,0.0657018557973535
32,8,2,0.1668057066007297,0.0009158725454608817,32,6.432674950886333e-05,0.970260491999113,0.9642463945657389,0.976697415839208,0.06540446606579833
32,8,2,0.18923954480517846,0.0003421582166428454,128,5.174549762331336e-05,0.9623333836793434,0.954380677349174,0.9709500970965338,0.06847987533546984
32,8,2,0.2269062103637029,0.0007735606804240876,32,3.224024629188703e-05,0.9740700587607184,0.9702793639310189,0.9781044808014382,0.06258403127661871
4,8,2,0.17014086809992815,0.0006634621094113959,32,1.9156770331125617e-05,0.9656605282691254,0.9618609354174327,0.9696862321633711,0.06337168281053258
32,8,2,0.1833793517441769,0.0009038406601338769,32,5.8177116661082455e-05,0.9665236752936733,0.9671986219760044,0.9659080919298638,0.0640232605969093
32,8,2,0.1985402373062839,0.0008333764116421338,32,2.4314713557842548e-05,0.968123988352733,0.9670627592920028,0.9694069564847919,0.06669738859763248
32,8,2,0.2145412846680681,0.0006865748555413618,256,4.361129165899205e-05,0.968116539545111,0.9600826846109864,0.9768370536784975,0.06380345951765776
32,8,2,0.16985263295627995,0.0007506221510548171,32,3.941027686926418e-05,0.9734690425775622,0.9740657937584939,0.9729192756057005,0.0675829964238801
32,8,2,0.1839071393183021,0.0009353931170559927,32,5.0559393273129924e-05,0.9632394448039322,0.966117156249093,0.9604436110555469,0.06878815363487102
32,16,2,0.19890681093631116,0.0008262860234942411,32,6.905515479937155e-05,0.9750380599199949,0.9733363143900394,0.9768370536784975,0.06362927248498992
32,16,2,0.2062435965668426,0.0007600617438038617,32,6.582538726652609e-05,0.9684276876244264,0.9766035301488004,0.9607264489239039,0.06652444870917901
32,16,2,0.19875907824481917,0.0009068899226794098,32,1.354910832736828e-05,0.9646542057229036,0.9757573892519154,0.9544205788240712,0.07035192761901746
32,16,2,0.21764394359456848,4.1366500796149806e-05,32,6.913508326356424e-05,0.9658658936471493,0.9559102742649151,0.9768370536784975,0.06506632865310404
32,16,2,0.19307359056949,0.0009934582980703588,32,5.765871258160414e-05,0.9602583963133045,0.9487983076277747,0.9731815345285216,0.0692910732217095
32,16,2,0.22848329506318976,0.0008567378773696577,32,8.084465216230354e-05,0.9677815532238739,0.9639944363317389,0.9717950485118273,0.06272917077781724
32,16,2,0.21040197503355682,0.0007208052410972903,32,0.0005956423815882356,0.9727430818652468,0.9738317563466588,0.9717986107016053,0.0646776661793094
32,8,2,0.1768672306403899,0.0008003379896445558,32,4.691697618307483e-05,0.9725824108483815,0.9690425211761883,0.9764181401606287,0.06598596083052183
32,16,2,0.1916254988136284,0.0009108863067695202,32,3.064128012604271e-05,0.9638039293910877,0.954253571569334,0.9744489616514621,0.07121657398491389
32,16,2,0.17941800424871923,0.0007107440681585216,32,5.7292940359700514e-05,0.9720323096544233,0.9617989522267537,0.9832861238073978,0.06600979493542462
16,16,2,0.16523097956831534,0.000618927829411173,256,3.413174504302921e-05,0.9720284714571865,0.9619552851997901,0.983146485968108,0.06519921558598678
32,8,2,0.2031271556250016,0.000809144559079944,64,7.317880771482929e-05,0.9735820285480727,0.9695471544528148,0.9778216429330809,0.06808154641286186
32,8,2,0.10812195188681314,0.0008611566905680785,32,9.844975589961197e-05,0.9692778956949564,0.9631026995557853,0.9758524644239143,0.06738475706009447
16,16,2,0.19007133151484365,1.934393937090599e-05,32,3.8578000984132584e-05,0.9660454444124,0.958782141290332,0.9741696859728828,0.07011158656203643
32,8,2,0.16289149639984835,0.0009989928036935383,32,5.1962257359194314e-05,0.9742417289599746,0.9778864316400048,0.9708140214470219,0.06555309527017095
16,8,2,0.12534626765485526,5.1410317484802964e-05,32,4.2345600193690865e-05,0.9675496461210747,0.9595109293222501,0.9762749401315611,0.06539558722009964
32,8,2,0.17549758156752587,0.0007372774866463662,128,2.6332944973881037e-05,0.9662188902378963,0.9527757909735612,0.9815997831665882,0.06657477382880946
32,8,2,0.20077987393430086,6.603345661879434e-05,32,6.53646735405678e-05,0.9678739489896252,0.9558587720638586,0.9813169452982313,0.06558358238291238
16,32,2,0.22126529266875908,0.0009024711476191355,32,4.6303831740872614e-05,0.970642032859551,0.9738078902229845,0.967597994760451,0.06765625573034809
32,8,2,0.1863699200404065,0.000781130829997743,32,0.0007346145197793535,0.9679235850673521,0.9765287924785812,0.959885059698388,0.06482756408513524
32,16,2,0.17240633106966383,0.0006500781553942419,32,5.6746106340982435e-05,0.9631635810923309,0.9577041187702223,0.9691241186164348,0.07036592682276893
16,32,4,0.15994037629423333,0.00027199138190850896,32,3.487475494618072e-05,0.9636356897341817,0.9618590584710166,0.9654856162222168,0.06506560760190831
32,32,2,0.11438948460208097,5.9568802445558294e-05,32,5.014576305732263e-05,0.968041518357647,0.9600856737648945,0.976697415839208,0.06647975748258075
16,8,2,0.2078407174811111,0.0008382221248054739,32,7.771315666960754e-05,0.9687008560826862,0.964674405605106,0.9729192756057005,0.06603447561650208
32,32,2,0.19343418616130958,7.252259501925036e-05,256,4.308981873951814e-05,0.9653846508606123,0.9549026761052691,0.9768334914887199,0.07070220510164897
32,32,2,0.1814940713461006,0.000988791100285624,32,2.9584568995458077e-05,0.9628153310867745,0.9763772384794348,0.9505028007512739,0.07007707410356608
16,8,2,0.1267082597003396,0.0009033571892881018,32,6.383434092023769e-05,0.9645384677934229,0.9631663289101104,0.9660512919589311,0.06655651637202423
32,32,2,0.1585281758685721,1.6930449572938558e-05,32,3.747366094550786e-05,0.968041518357647,0.9600856737648945,0.976697415839208,0.06546854437170702
16,32,2,0.1726523530679045,4.9955456479080255e-05,32,1.6230998670388643e-05,0.9659894584474024,0.9600260977571006,0.9723571620587639,0.0674849449670823
32,8,8,0.21499446672329184,0.0008235647186241445,32,5.307383881347495e-05,0.9668016368766814,0.9626969299379722,0.9710897349358235,0.061099707896178385
32,32,4,0.13711074064261353,7.851920756317113e-05,32,4.531703369232466e-05,0.9682826851389178,0.964105339105339,0.9726364377373433,0.06481096347357854
16,32,2,0.19654513882867863,0.0007000319496878079,32,6.000932886695463e-05,0.9543501634940856,0.9647158289887714,0.9447554820085999,0.07011075640042216
32,8,2,0.1580727831375942,6.654772556859842e-05,32,3.243704683069958e-05,0.968126338788172,0.9644156209538738,0.9720778863801846,0.06370616919657154
32,32,8,0.10301530244011761,3.021794525442352e-05,32,4.0057668023285024e-05,0.9683779348420019,0.9559858516732955,0.9821583345237471,0.06284790642047997
16,32,2,0.1817045571617448,2.620391387822242e-05,32,6.959845172937338e-05,0.9606333695196275,0.947290229860874,0.9758524644239143,0.07305185361379384
32,8,2,0.22732962614064883,4.548502851643997e-05,32,2.25122529699582e-05,0.9638898242132692,0.9539271331248899,0.9748678751693309,0.06656458738871152
16,16,8,0.11878122216277695,0.00013520813649692338,64,4.8070903274319164e-05,0.9655637981176791,0.95784996291199,0.9740264859438152,0.06376077380517255
32,32,2,0.16746562948774113,0.00010609916441265377,256,8.482788041803328e-05,0.9627468579026655,0.9505877154508543,0.9762713779417833,0.06850650099416573
32,32,2,0.2041928331840449,1.0956690251658671e-05,32,5.4602197875888794e-05,0.9613556802725279,0.9572596715453859,0.9656252540615066,0.0704656362624677
16,8,8,0.45423438650443604,0.0002508917377750261,32,2.729824800784064e-05,0.9740700587607184,0.9702793639310189,0.9781044808014382,0.05986844671323248
32,32,2,0.1546927839927878,0.0007669473920839199,128,0.0009493553524503508,0.9683372257505205,0.9631064422057264,0.9741696859728828,0.0676404166345795
32,32,4,0.14127619604255884,0.0009293808508788558,32,3.626344273079794e-05,0.9676605954317861,0.9715260439087388,0.9640856756395424,0.0712754783757112
16,8,8,0.18790371626023547,5.482847484606033e-05,32,4.5795873332382396e-05,0.9740736520334785,0.9701194509912758,0.9782441186407277,0.06149863771758607
32,32,2,0.17060756505395758,7.325323542900647e-05,32,0.0015045443429068475,0.9635146124441668,0.9577888622157804,0.9696862321633711,0.06589730606103093
32,8,2,0.1303356806095111,0.00011966169554294602,32,7.102759158426051e-05,0.9676278183165795,0.9593567158413575,0.9765542158101405,0.06363648135954028
16,32,8,0.14570462085114302,8.404705134861461e-05,32,6.004583123054911e-05,0.972595222170774,0.9685580666712742,0.9768370536784975,0.06348807308708986
32,32,2,0.18329682327847202,0.000823537819881254,32,4.013224743772149e-05,0.9689940994057915,0.9771743064045082,0.9612885624708404,0.06888390673196662
16,8,2,0.20089808353919988,0.0009985782255729385,32,3.2293276283545145e-05,0.968653986208845,0.9723376668057163,0.9652099027334154,0.06836404304261162
32,32,8,0.16134457349788606,6.241454532216317e-05,32,4.341003956425836e-05,0.968209423630201,0.9641054784741773,0.9724967998980536,0.0613104016391172
32,16,2,0.17533841644720968,0.00011155922086129778,32,5.292379729646887e-05,0.9672826307185359,0.9637461229702607,0.9710932971256012,0.06407821122237416
16,32,2,0.21245704147458466,0.0008911531403039732,32,9.075120261006693e-05,0.9618489233193932,0.9695614555835458,0.9545566544735831,0.06927336883413575
32,8,8,0.11981121253914978,8.699822668454781e-05,256,4.938674122138832e-05,0.9739760659054837,0.9723498837282993,0.9757128265846245,0.06011153385043144
32,32,2,0.1537931877822222,0.0007415551248226769,32,3.684691457498032e-05,0.9501121698210326,0.9461129430929752,0.9542738166052258,0.06996815233580254
16,32,2,0.1949223202894972,1.3711051204531722e-05,32,6.033744446460347e-05,0.9608330119103162,0.9536461235806084,0.9688448429378553,0.07266673683767769
32,8,8,0.1685813833749746,9.994445897475202e-05,32,3.0292035295010103e-05,0.9692400152333086,0.972243643296275,0.9663305676375105,0.059259177249338754
16,32,2,0.13918116166264655,7.391264653599355e-05,32,2.0170350411391843e-05,0.9716042439251522,0.9616993060444798,0.9825843724211717,0.06766403638187551
32,32,4,0.18373429026992535,0.0006107623579427075,32,0.0005151967025173103,0.9714177950973694,0.972253464593544,0.9706708214179544,0.06732814275576106
32,8,2,0.15301071119694457,0.0006932040539960214,32,2.5029571227013184e-05,0.975057514462408,0.9712698125611853,0.9790890700560212,0.06434588289488127
16,32,8,0.1309941265875619,0.0006735816170900502,32,2.486852697841485e-05,0.9677848090411757,0.9638368619500696,0.971934686351117,0.06914362836165389
32,32,2,0.14924378774738273,5.926844346803436e-05,64,2.2788205443528047e-05,0.9622367421063428,0.9507861882018042,0.9751507130376882,0.06774547453159871
32,8,8,0.10047904930280557,0.0006945453519562264,32,2.456132646903478e-05,0.9708343642906406,0.9645119386654736,0.9775388050647238,0.06556246719288616
16,32,2,0.1560033006583496,7.972986756741375e-05,32,2.9414702635252603e-05,0.9738284202569917,0.9656301769509317,0.9827240102604614,0.06348256964915693
32,16,2,0.14116114472905134,0.000546586646533321,32,1.779035472472543e-05,0.971931698614492,0.9634952173348079,0.9810341074298741,0.06731554275092608
16,8,8,0.12112353926224058,8.974149444280498e-05,32,2.8200762414329265e-05,0.9697311463638782,0.9728164772175264,0.9667530433451574,0.05913851214387725
32,32,2,0.5677432300231845,6.622599151449861e-05,128,1.9779611737524573e-05,0.9627331053461022,0.9511999868962242,0.9757128265846245,0.07155448229362567
32,32,2,0.16238393634342083,0.00010376249154485847,32,3.3666150711040286e-05,0.9720574024034955,0.978116170517116,0.9663341298272884,0.06711134482358593
16,8,8,0.1316063585172962,0.0006294178003131345,32,7.494996257689317e-05,0.9691330369607457,0.9670881137349728,0.9712293727751132,0.06595040712865897
32,32,4,0.14663087225859475,0.0007938692832392378,256,0.00012049772656053933,0.9660655468159328,0.9581026774545917,0.9747282373300413,0.06708719270924728
32,32,2,0.11252443547550733,5.3455652540619117e-05,32,3.805101043357868e-05,0.9741422671095664,0.9704397980104057,0.9781044808014382,0.06603313039795466
16,8,2,0.17129803711243036,0.0007395892882372094,32,6.435692751256417e-05,0.9676717691489696,0.9711726342381356,0.9643649513181218,0.06536066238565938
32,32,8,0.1576417900368438,0.00012548801354653525,32,4.24601210814888e-05,0.9673756652108502,0.9675859502686399,0.9671719568630263,0.06714343180337694
16,32,2,0.14202873466023944,9.006971083534207e-05,32,5.538448567849281e-05,0.9685374149659863,0.9605019718227265,0.9772595293861445,0.06242433335375569
32,8,2,0.16621536610050594,3.516486043702181e-05,32,2.551500258082141e-05,0.9693616971084471,0.9571198098589869,0.9830032859390406,0.06527456881113998
32,32,8,0.17892132300905975,7.748380559117077e-05,32,3.239312339294278e-05,0.9708343642906406,0.9645119386654736,0.9775388050647238,0.06422098273327245
16,16,2,0.1339731334314469,0.0008806478179353543,32,7.911444381682655e-05,0.964819135519522,0.9508885367411056,0.9806116317222274,0.06850880602470842
32,32,2,0.15260115554635983,0.00010969378429121506,32,9.95638083661766e-05,0.9709540969483809,0.9692131736709464,0.9727796377664107,0.06747652931841477
32,8,8,0.23497913386635555,0.00022079295462288558,32,5.1806684276364865e-05,0.9698358847635905,0.9639886299584303,0.9761353022922714,0.06323275338502793
16,32,2,0.12127149797542267,7.019918163943999e-05,32,3.7133046010277204e-05,0.9670490334339995,0.959256119963924,0.975573188745335,0.06829962535013455
